626513444	Claudia	Chueca	Almirall	1953-07-08	c.chueca@institut.edu
681165448	Anna	Salvador	Alonso	1980-12-28	a.salvador@gencat.cat
650321936	Carlos	Tavera	Alonso	1992-06-18	c.tavera@govern.cat
628793923	Daniel	Viadé	Andavert	1995-02-27	d.viadé@bcn.cat
693143413	Alfons	Molons	Antius	1951-01-12	a.molons@educacio.eu
627847424	Daria del Carmen	García	Artacho	1964-06-23	d.garcía@govern.cat
659650642	Diana Carolina	Martino	Astrada	2001-07-02	d.martino@institut.edu
604301528	Álvaro	Clapés-Saganyoles	Baena	1949-08-14	á.clapés-saganyoles@educacio.edu
678548610	Ada	Colau	Ballano	1946-04-10	a.colau@gencat.cat
624839554	David	Belzunce	Barranco	1962-11-18	d.belzunce@gencat.cat
663238654	Albert	Batlle	Bastardas	1997-09-23	a.batlle@gencat.cat
655058360	Elena	Molina	Belles	1996-02-14	e.molina@educacio.com
666968360	Daniel	Sirera	Bellés	1968-06-19	d.sirera@educacio.com
685845574	Alejandro	Monllaó	Bellobí	1959-06-16	a.monllaó@institut.edu
653592416	David	Lizoain	Bennett	1983-08-23	d.lizoain@gencat.cat
602243415	Carolina	Recio	Cáceres	1953-07-06	c.recio@govern.cat
625367816	Aitor	Hernández	Carr	1981-03-12	a.hernández@govern.cat
614258565	Dídac	Ramírez	Casas	1959-08-06	d.ramírez@institut.edu
611447758	Adriana	Garcia	Castro	1987-09-22	a.garcia@gencat.cat
680196477	Clara Jakqueline	Baca	Chankingah	1985-06-19	c.baca@educacio.edu
663446271	Albert	Salmerón	Cojo	1995-10-25	a.salmerón@institut.edu
664688737	Elisenda	Graell	Collell	1976-07-18	e.graell@institut.edu
651658826	David	Langa	Corbalán	2001-12-22	d.langa@educacio.edu
655263614	Agustín	Abelaira	Dapena	1964-01-19	a.abelaira@educacio.edu
685730577	Angel David	Fuentes	De los Santos	1954-02-14	a.fuentes@educacio.com
611692135	Eduard	Güell	del Frago	1956-12-19	e.güell@educacio.eu
666128601	César	Ochoa	Díez	1952-08-13	c.ochoa@educacio.eu
635634466	Ana	Aroca	Donato	1947-01-23	a.aroca@bcn.cat
686464712	Encarnación	Guerrero	Egea	1949-05-27	e.guerrero@gencat.cat
637564004	Carlos	Rodríguez	Escuredo	1975-06-15	c.rodríguez@bcn.cat
638343415	Aïda	Boladeres	Faura	1950-09-01	a.boladeres@gencat.cat
653577646	Adriana	Partal	Fernández	1961-05-09	a.partal@govern.cat
656642921	Blas	Navalón	Fernández	1960-07-15	b.navalón@gencat.cat
663248872	Cristina	Caballer	Ferrater	1967-06-25	c.caballer@educacio.eu
662846559	Cristian	Sais	Fetthauer	1965-12-13	c.sais@bcn.cat
640110588	Alejandro	Montes	Flotats	1963-04-18	a.montes@institut.edu
675482626	Cristina	Company	Fontané	1977-05-12	c.company@gencat.cat
682556585	Carles	Lalueza	Fox	1977-12-15	c.lalueza@gencat.cat
631449549	Alejandro	López	García	1958-04-16	a.lópez@govern.cat
644418518	Carolina	López	García	1940-10-27	c.lópez@educacio.com
654654809	David	Bondia	García	1971-07-15	d.bondia@educacio.edu
604283806	David	Martínez	García	1951-09-09	d.martínez@educacio.eu
639415563	Àfrica Martina	Cardona	Gilbert	1960-08-17	à.cardona@institut.edu
630858271	Bàrbara	Pons	Giner	1940-07-20	b.pons@educacio.com
609452732	Antonio	Cabrera	Gómez	1943-06-08	a.cabrera@educacio.com
666630379	Eduard	Vicente	Gómez	1988-10-24	e.vicente@bcn.cat
672132218	Alba	Segura	Gomila	1975-03-28	a.segura@gencat.cat
682878716	Alba	Alarcón	González	1967-06-14	a.alarcón@bcn.cat
637330562	Alexander Guillem	Román	González	1991-08-08	a.román@institut.edu
671923582	Elsa	Hermida	González	1977-02-18	e.hermida@govern.cat
671557924	Àgata	Peñalver	Grau	1966-01-14	à.peñalver@bcn.cat
644492334	Ana	Guilera	Guerendiain	1978-11-24	a.guilera@educacio.eu
647356630	Cristina	Castells	Guiu	1994-01-11	c.castells@govern.cat
645926355	Elisenda	Alamany	Gutierrez	1958-03-24	e.alamany@educacio.com
640179187	Antonio	Fortes	Gutiérrez	1976-12-28	a.fortes@govern.cat
686527062	David	Pequeño	Gutiérrez	1959-04-09	d.pequeño@educacio.eu
685297219	David	Martínez	Herrera	1956-11-10	d.martínez@educacio.com
612749328	Alberto	Lacasta	Huelin	1987-01-20	a.lacasta@institut.edu
632644156	Daniel	Ruiz	Huertas	1952-01-13	d.ruiz@bcn.cat
688178222	Alejandro	Guerrero	Jiménez	1944-02-05	a.guerrero@bcn.cat
629233990	Eduard	Vilarrubí	Jordà	1967-12-05	e.vilarrubí@institut.edu
683371033	Arnau	Vives	Juan	1954-07-23	a.vives@educacio.com
665619696	Antonio	Muñoz	Juncosa	1941-11-11	a.muñoz@educacio.eu
669256744	Emma	Deusdat	Lahoz	1995-08-11	e.deusdat@govern.cat
686597644	Esther	Paez	López	1962-03-15	e.paez@educacio.edu
612175489	Alexandra	López	Lorente	1974-07-24	a.lópez@educacio.edu
620973593	Emili	Rubió	Lorenzo	1983-04-14	e.rubió@bcn.cat
676667713	Carlos	Oliva	Lucio	1971-03-06	c.oliva@govern.cat
698180458	Carles	Benito	Lupiáñez	1983-12-27	c.benito@gencat.cat
646565469	Carles	Mestres	March	1982-01-20	c.mestres@govern.cat
667357476	César	Millán	Marfil	1972-04-24	c.millán@educacio.edu
635502344	Christopher	Casas	Martínez	1998-08-03	c.casas@bcn.cat
616648557	Alberto	Ricart	Masclans	1949-03-13	a.ricart@educacio.edu
638763049	Alejandro	Muñoz	Mateos	2001-05-29	a.muñoz@educacio.edu
611214128	Ancor	Mesa	Méndez	1977-04-15	a.mesa@bcn.cat
674399867	Albert	Dalmau	Miranda	1956-03-29	a.dalmau@bcn.cat
643592642	Albert	Lozano	Molet	1990-05-06	a.lozano@educacio.com
645596246	Adrián	Sánchez	Morales	1968-08-24	a.sánchez@educacio.edu
638947648	Alba	Calpe	Navarro	1942-12-15	a.calpe@bcn.cat
667243896	Elvira	Dyangani	Oser	1943-10-18	e.dyangani@govern.cat
676531252	David	Paredes	Pelejà	1986-02-06	d.paredes@bcn.cat
625645263	Albert	Deusedes	Perelló	1968-06-09	a.deusedes@institut.edu
694550831	Albert	Torelló	Pérez	1965-10-28	a.torelló@bcn.cat
660636747	Alberto	Álvarez	Pérez	1999-10-20	a.álvarez@educacio.edu
679847417	Antoni	Fernández	Pérez	1951-08-14	a.fernández@educacio.com
695494982	Eduard	Cuscó	Puigdellívol	1994-09-02	e.cuscó@gencat.cat
631833336	Antonio	Verdera	Puntí	1951-08-21	a.verdera@institut.edu
618178425	Adrià	Ventura	Ramos	1943-05-12	a.ventura@educacio.com
637484524	Andreu	Parera	Ribera	1994-10-29	a.parera@educacio.eu
683027866	Esther	Miralles	Ripoll	1951-12-23	e.miralles@educacio.com
687689435	David	Frontela	Risueño	1984-01-07	d.frontela@educacio.eu
607164652	Antonio Jesús	Jiménez	Rodríguez	1954-10-19	a.jiménez@educacio.com
601822816	David	Escudé	Rodríguez	1997-12-27	d.escudé@bcn.cat
663742452	Elisa	Miralles	Rodríguez	2001-08-11	e.miralles@gencat.cat
673476186	Andreu	Francisco	Roger	1957-01-18	a.francisco@institut.edu
674459638	David	Puértolas	Roman	1971-07-12	d.puértolas@educacio.com
623737014	Diana María	Gutiérrez	Rudas	1989-06-16	d.gutiérrez@educacio.edu
642313557	Antoni	Vidal	Ruiz	1985-05-22	a.vidal@educacio.com
623912817	Cristina	Vila	Rutllant	1970-04-11	c.vila@educacio.com
616831363	Emma	Lecina	Sáenz de Buruaga	1959-12-07	e.lecina@educacio.edu
